--TAIKHOAN
INSERT INTO DANGNHAP(TAIKHOAN, MATKHAU, LOAINGUOIDUNG) VALUES('a', '1', 'KHACHHANG')
INSERT INTO DANGNHAP(TAIKHOAN, MATKHAU, LOAINGUOIDUNG) VALUES('b', '1', 'KHACHHANG')
INSERT INTO DANGNHAP(TAIKHOAN, MATKHAU, LOAINGUOIDUNG) VALUES('c', '1', 'KHACHHANG')
INSERT INTO DANGNHAP(TAIKHOAN, MATKHAU, LOAINGUOIDUNG) VALUES('d', '1', 'KHACHHANG')
INSERT INTO DANGNHAP(TAIKHOAN, MATKHAU, LOAINGUOIDUNG) VALUES('SHP1', '1', 'GIAOHANG')
INSERT INTO DANGNHAP(TAIKHOAN, MATKHAU, LOAINGUOIDUNG) VALUES('SHP2', '1', 'GIAOHANG')
INSERT INTO DANGNHAP(TAIKHOAN, MATKHAU, LOAINGUOIDUNG) VALUES('SHP3', '1', 'GIAOHANG')
INSERT INTO DANGNHAP(TAIKHOAN, MATKHAU, LOAINGUOIDUNG) VALUES('SHP4', '1', 'GIAOHANG')
INSERT INTO DANGNHAP(TAIKHOAN, MATKHAU, LOAINGUOIDUNG) VALUES('SHP5', '1', 'GIAOHANG')
INSERT INTO DANGNHAP(TAIKHOAN, MATKHAU, LOAINGUOIDUNG) VALUES('ab', '1', 'KHACHHANG')
INSERT INTO DANGNHAP(TAIKHOAN, MATKHAU, LOAINGUOIDUNG) VALUES('bc', '1', 'KHACHHANG')
INSERT INTO DANGNHAP(TAIKHOAN, MATKHAU, LOAINGUOIDUNG) VALUES('cd', '1', 'KHACHHANG')
INSERT INTO DANGNHAP(TAIKHOAN, MATKHAU, LOAINGUOIDUNG) VALUES('de', '1', 'KHACHHANG')
INSERT INTO DANGNHAP(TAIKHOAN, MATKHAU, LOAINGUOIDUNG) VALUES('SHP6', '1', 'GIAOHANG')
INSERT INTO DANGNHAP(TAIKHOAN, MATKHAU, LOAINGUOIDUNG) VALUES('SHP7', '1', 'GIAOHANG')
INSERT INTO DANGNHAP(TAIKHOAN, MATKHAU, LOAINGUOIDUNG) VALUES('SHP8', '1', 'GIAOHANG')
INSERT INTO DANGNHAP(TAIKHOAN, MATKHAU, LOAINGUOIDUNG) VALUES('SHP9', '1', 'GIAOHANG')
INSERT INTO DANGNHAP(TAIKHOAN, MATKHAU, LOAINGUOIDUNG) VALUES('SHP10', '1', 'GIAOHANG')
--Mat hang
INSERT INTO MATHANG(TENMATHANG) VALUES(N'Đồ Nấu Nướng')
INSERT INTO MATHANG(TENMATHANG) VALUES(N'Đồ Vệ Sinh')
INSERT INTO MATHANG(TENMATHANG) VALUES(N'Đồ Sửa Xe')
INSERT INTO MATHANG(TENMATHANG) VALUES(N'Quần áo')
INSERT INTO MATHANG(TENMATHANG) VALUES(N'Giày dép')
INSERT INTO MATHANG(TENMATHANG) VALUES(N'Thiết bị điện tử')
INSERT INTO MATHANG(TENMATHANG) VALUES(N'Đồng hồ')
INSERT INTO MATHANG(TENMATHANG) VALUES(N'Ô tô xe máy')
INSERT INTO MATHANG(TENMATHANG) VALUES(N'Phụ kiện làm đẹp')
--Shipper
INSERT INTO SHIPPER(HOTEN, TAIKHOAN, SODIENTHOAI, EMAIL, TENXE, BIENSOXE) 
VALUES(N'Nguyễn Văn A', 'SHP1', '0906003211', 'nguyenvana@gmail.com', N'Jupiter' , '81D1-00320')
INSERT INTO SHIPPER(HOTEN, TAIKHOAN, SODIENTHOAI, EMAIL, TENXE, BIENSOXE) 
VALUES(N'Nguyễn Văn B', 'SHP2', '0906003212', 'nguyenvanb@gmail.com', N'Wave Ghẻ', '81D1-00321')
INSERT INTO SHIPPER(HOTEN, TAIKHOAN, SODIENTHOAI, EMAIL, TENXE, BIENSOXE) 
VALUES(N'Nguyễn Văn C', 'SHP3', '0906003213', 'nguyenvanc@gmail.com', N'Xu Sì Po','81D1-00322')
INSERT INTO SHIPPER(HOTEN, TAIKHOAN, SODIENTHOAI, EMAIL, TENXE, BIENSOXE) 
VALUES(N'Nguyễn Văn D', 'SHP4', '0906003214', 'nguyenvand@gmail.com', N'Winner X' ,'81D1-00323')
INSERT INTO SHIPPER(HOTEN, TAIKHOAN, SODIENTHOAI, EMAIL, TENXE, BIENSOXE) 
VALUES(N'Nguyễn Văn E', 'SHP5', '0906003215', 'nguyenvane@gmail.com', N'Xe Bò','81D1-00324')
INSERT INTO SHIPPER(HOTEN, TAIKHOAN, SODIENTHOAI, EMAIL, TENXE, BIENSOXE) 
VALUES(N'Nguyễn Văn F', 'SHP6', '0906003211', 'nguyenvana@gmail.com', N'Jupiter' , '81D1-00320')
INSERT INTO SHIPPER(HOTEN, TAIKHOAN, SODIENTHOAI, EMAIL, TENXE, BIENSOXE) 
VALUES(N'Nguyễn Văn G', 'SHP7', '0906003212', 'nguyenvanb@gmail.com', N'Wave Ghẻ', '81D1-00321')
INSERT INTO SHIPPER(HOTEN, TAIKHOAN, SODIENTHOAI, EMAIL, TENXE, BIENSOXE) 
VALUES(N'Nguyễn Văn H', 'SHP8', '0906003213', 'nguyenvanc@gmail.com', N'Xu Sì Po','81D1-00322')
INSERT INTO SHIPPER(HOTEN, TAIKHOAN, SODIENTHOAI, EMAIL, TENXE, BIENSOXE) 
VALUES(N'Nguyễn Văn I', 'SHP9', '0906003214', 'nguyenvand@gmail.com', N'Winner X' ,'81D1-00323')
INSERT INTO SHIPPER(HOTEN, TAIKHOAN, SODIENTHOAI, EMAIL, TENXE, BIENSOXE) 
VALUES(N'Nguyễn Văn J', 'SHP10', '0906003215', 'nguyenvane@gmail.com', N'Xe Bò','81D1-00324')
--Khach hang
INSERT INTO KHACHHANG(HOTEN, TAIKHOAN, SODIENTHOAI, EMAIL, DIACHI) VALUES
(N'Lê Thị A', 'a','01248005252', 'lethia@gmail.com', N'227 Nguyễn Văn Cừ Quận 5')
INSERT INTO KHACHHANG(HOTEN, TAIKHOAN, SODIENTHOAI, EMAIL, DIACHI) VALUES
(N'Lê Thị B', 'b', '01248005253', 'lethib@gmail.com', N'228 Nguyễn Văn Cừ Quận 5')
INSERT INTO KHACHHANG(HOTEN, TAIKHOAN, SODIENTHOAI, EMAIL, DIACHI) VALUES
(N'Lê Thị C', 'c','01248005254', 'lethic@gmail.com', N'229 Nguyễn Văn Cừ Quận 5')
INSERT INTO KHACHHANG(HOTEN, TAIKHOAN, SODIENTHOAI, EMAIL, DIACHI) VALUES
(N'Lê Thị D', 'd', '01248005255', 'lethid@gmail.com', N'230 Nguyễn Văn Cừ Quận 5')
INSERT INTO KHACHHANG(HOTEN, TAIKHOAN, SODIENTHOAI, EMAIL, DIACHI) VALUES
(N'Lê Thị E', 'ab','01248005252', 'lethia@gmail.com', N'227 Nguyễn Văn Cừ Quận 5')
INSERT INTO KHACHHANG(HOTEN, TAIKHOAN, SODIENTHOAI, EMAIL, DIACHI) VALUES
(N'Lê Thị F', 'bc', '01248005253', 'lethib@gmail.com', N'228 Nguyễn Văn Cừ Quận 5')
INSERT INTO KHACHHANG(HOTEN, TAIKHOAN, SODIENTHOAI, EMAIL, DIACHI) VALUES
(N'Lê Thị G', 'cd','01248005254', 'lethic@gmail.com', N'229 Nguyễn Văn Cừ Quận 5')
INSERT INTO KHACHHANG(HOTEN, TAIKHOAN, SODIENTHOAI, EMAIL, DIACHI) VALUES
(N'Lê Thị H', 'de', '01248005255', 'lethid@gmail.com', N'230 Nguyễn Văn Cừ Quận 5')
--Shop
INSERT INTO SHOP(TENSHOP, MACHUSHOP, DIACHI, SODIENTHOAI)
VALUES(N'Shop Đồ Gia Dụng', 'KH002', N'224 Lý Thái Tổ', '15613030')
INSERT INTO SHOP(TENSHOP, MACHUSHOP, DIACHI, SODIENTHOAI)
VALUES(N'Shop Đồ Sửa Xe', 'KH004', N'225 Trần Hưng Đạo Quận 1', '03656425001')
INSERT INTO SHOP(TENSHOP, MACHUSHOP, DIACHI, SODIENTHOAI)
VALUES(N'Shop quần áo', 'KH001', N'127 Lý Thường Kiệt Quận 11', '19001010')
INSERT INTO SHOP(TENSHOP, MACHUSHOP, DIACHI, SODIENTHOAI)
VALUES(N'Shop giày dép', 'KH005', N'224 Lý Thái Tổ', '15613030')
INSERT INTO SHOP(TENSHOP, MACHUSHOP, DIACHI, SODIENTHOAI)
VALUES(N'Shop Đồng hồ', 'KH006', N'225 Trần Hưng Đạo Quận 1', '03656425001')
INSERT INTO SHOP(TENSHOP, MACHUSHOP, DIACHI, SODIENTHOAI)
VALUES(N'Shop phụ kiện làm đẹp', 'KH007', N'127 Lý Thường Kiệt Quận 11', '19001010')
INSERT INTO SHOP(TENSHOP, MACHUSHOP, DIACHI, SODIENTHOAI)
VALUES(N'Shop mỹ phẩm', 'KH008', N'224 Lý Thái Tổ', '15613030')
--San pham
INSERT INTO SANPHAM(TEN, MAMATHANG, MASHOP, GIATIEN, SOLUONGCONLAI, SOLUONGDABAN)
VALUES(N'Chén Đĩa', 'MATHANG001', 'SHOP002', 250000, 5, 1)
INSERT INTO SANPHAM(TEN, MAMATHANG, MASHOP, GIATIEN, SOLUONGCONLAI, SOLUONGDABAN)
VALUES(N'Xoong Nồi', 'MATHANG001', 'SHOP002', 350000, 7, 3)
INSERT INTO SANPHAM(TEN, MAMATHANG, MASHOP, GIATIEN, SOLUONGCONLAI, SOLUONGDABAN)
VALUES(N'Hộp Gia Vị', 'MATHANG001', 'SHOP002', 80000, 20, 15)
INSERT INTO SANPHAM(TEN, MAMATHANG, MASHOP, GIATIEN, SOLUONGCONLAI, SOLUONGDABAN)
VALUES(N'Kính Chiếu Hậu', 'MATHANG003', 'SHOP003', 75000, 5, 3)
INSERT INTO SANPHAM(TEN, MAMATHANG, MASHOP, GIATIEN, SOLUONGCONLAI, SOLUONGDABAN)
VALUES(N'Lốp Xe Máy', 'MATHANG003', 'SHOP003', 150000, 4, 3)
INSERT INTO SANPHAM(TEN, MAMATHANG, MASHOP, GIATIEN, SOLUONGCONLAI, SOLUONGDABAN)
VALUES(N'Bộ Đề Gas', 'MATHANG003', 'SHOP003', 140000, 7, 3)
INSERT INTO SANPHAM(TEN, MAMATHANG, MASHOP, GIATIEN, SOLUONGCONLAI, SOLUONGDABAN)
VALUES(N'Vành Xe', 'MATHANG003', 'SHOP003', 90000, 8, 4)
INSERT INTO SANPHAM(TEN, MAMATHANG, MASHOP, GIATIEN, SOLUONGCONLAI, SOLUONGDABAN)
VALUES(N'Giấy Vệ Sinh', 'MATHANG002', 'SHOP002', 15000, 15, 10)
INSERT INTO SANPHAM(TEN, MAMATHANG, MASHOP, GIATIEN, SOLUONGCONLAI, SOLUONGDABAN)
VALUES(N'Bộ Cọ Rửa', 'MATHANG002', 'SHOP002', 50000, 15, 11)
delete SANPHAM where MASANPHAM='SP017'
INSERT INTO SANPHAM(TEN, MAMATHANG, MASHOP, GIATIEN, SOLUONGCONLAI, SOLUONGDABAN)
VALUES(N'bitis hunter', 'MATHANG008', 'SHOP007', 250000, 5, 1)
INSERT INTO SANPHAM(TEN, MAMATHANG, MASHOP, GIATIEN, SOLUONGCONLAI, SOLUONGDABAN)
VALUES(N'Đồng hồ rolex', 'MATHANG001', 'SHOP002', 350000, 7, 3)
INSERT INTO SANPHAM(TEN, MAMATHANG, MASHOP, GIATIEN, SOLUONGCONLAI, SOLUONGDABAN)
VALUES(N'Màn hình', 'MATHANG001', 'SHOP002', 80000, 20, 15)
INSERT INTO SANPHAM(TEN, MAMATHANG, MASHOP, GIATIEN, SOLUONGCONLAI, SOLUONGDABAN)
VALUES(N'Chuột chơi game', 'MATHANG009', 'SHOP004', 75000, 5, 3)
INSERT INTO SANPHAM(TEN, MAMATHANG, MASHOP, GIATIEN, SOLUONGCONLAI, SOLUONGDABAN)
VALUES(N'Bàn phím', 'MATHANG009', 'SHOP003', 150000, 4, 3)
INSERT INTO SANPHAM(TEN, MAMATHANG, MASHOP, GIATIEN, SOLUONGCONLAI, SOLUONGDABAN)
VALUES(N'Loa bluetooth', 'MATHANG009', 'SHOP001', 140000, 7, 3)
INSERT INTO SANPHAM(TEN, MAMATHANG, MASHOP, GIATIEN, SOLUONGCONLAI, SOLUONGDABAN)
VALUES(N'Tai nghe samsung', 'MATHANG009', 'SHOP006', 90000, 8, 4)
INSERT INTO SANPHAM(TEN, MAMATHANG, MASHOP, GIATIEN, SOLUONGCONLAI, SOLUONGDABAN)
VALUES(N'Xe vision', 'MATHANG011', 'SHOP007', 15000, 15, 10)
INSERT INTO SANPHAM(TEN, MAMATHANG, MASHOP, GIATIEN, SOLUONGCONLAI, SOLUONGDABAN)
VALUES(N'Xe air blade', 'MATHANG011', 'SHOP008', 50000, 15, 11)
--Don hang
INSERT INTO DONHANG(MASANPHAM, MAKHACHHANG, NGAYLAPDON, SOLUONG, TIENSHIP, HINHTHUCTHANHTOAN)
VALUES('SP003', 'KH001', 23-01-2000, 3, 30000, N'Ship cod')
INSERT INTO DONHANG(MASANPHAM, MAKHACHHANG, NGAYLAPDON, SOLUONG, TIENSHIP, HINHTHUCTHANHTOAN)
VALUES('SP005', 'KH002', 20-12-2020, 2, 300000, N'Ship cod')
INSERT INTO DONHANG(MASANPHAM, MAKHACHHANG, NGAYLAPDON, SOLUONG, TIENSHIP, HINHTHUCTHANHTOAN)
VALUES('SP009', 'KH003', 17-12-2020, 2, 100000, N'Ship cod')
INSERT INTO DONHANG(MASANPHAM, MAKHACHHANG, NGAYLAPDON, SOLUONG, TIENSHIP, HINHTHUCTHANHTOAN)
VALUES('SP007', 'KH004', 23-01-2000, 3, 30000, N'Ship cod')
INSERT INTO DONHANG(MASANPHAM, MAKHACHHANG, NGAYLAPDON, SOLUONG, TIENSHIP, HINHTHUCTHANHTOAN)
VALUES('SP008', 'KH005', 20-12-2020, 2, 300000, N'Ship cod')
INSERT INTO DONHANG(MASANPHAM, MAKHACHHANG, NGAYLAPDON, SOLUONG, TIENSHIP, HINHTHUCTHANHTOAN)
VALUES('SP003', 'KH006', 17-12-2020, 2, 100000, N'Ship cod')
INSERT INTO DONHANG(MASANPHAM, MAKHACHHANG, NGAYLAPDON, SOLUONG, TIENSHIP, HINHTHUCTHANHTOAN)
VALUES('SP001', 'KH007', 23-01-2000, 3, 30000, N'Ship cod')
INSERT INTO DONHANG(MASANPHAM, MAKHACHHANG, NGAYLAPDON, SOLUONG, TIENSHIP, HINHTHUCTHANHTOAN)
VALUES('SP026', 'KH008', 20-12-2020, 2, 300000, N'Ship cod')
INSERT INTO DONHANG(MASANPHAM, MAKHACHHANG, NGAYLAPDON, SOLUONG, TIENSHIP, HINHTHUCTHANHTOAN)
VALUES('SP025', 'KH004', 17-12-2020, 2, 100000, N'Ship cod')
--Giao hang
INSERT INTO GIAOHANG(MADONHANG, MASHIPPER, TINHTRANGGIAO, NGAYCAPNHAT)
VALUES('DONHANG001', 'SHP001', N'ĐANG GIAO', 26-01-2000)
INSERT INTO GIAOHANG(MADONHANG, MASHIPPER, TINHTRANGGIAO, NGAYCAPNHAT)
VALUES('DONHANG002', 'SHP002', N'NHẬN HÀNG', 24-12-2020)
INSERT INTO GIAOHANG(MADONHANG, MASHIPPER, TINHTRANGGIAO, NGAYCAPNHAT)
VALUES('DONHANG003', 'SHP004', N'ĐANG GIAO',24-12-2020)
INSERT INTO GIAOHANG(MADONHANG, MASHIPPER, TINHTRANGGIAO, NGAYCAPNHAT)
VALUES('DONHANG004', 'SHP001', N'ĐANG GIAO', 26-01-2000)
INSERT INTO GIAOHANG(MADONHANG, MASHIPPER, TINHTRANGGIAO, NGAYCAPNHAT)
VALUES('DONHANG005', 'SHP003', N'NHẬN HÀNG', 24-12-2020)
INSERT INTO GIAOHANG(MADONHANG, MASHIPPER, TINHTRANGGIAO, NGAYCAPNHAT)
VALUES('DONHANG006', 'SHP005', N'ĐANG GIAO', 24-12-2020)
INSERT INTO GIAOHANG(MADONHANG, MASHIPPER, TINHTRANGGIAO, NGAYCAPNHAT)
VALUES('DONHANG012', 'SHP006', N'ĐANG GIAO',24-12-2020)
INSERT INTO GIAOHANG(MADONHANG, MASHIPPER, TINHTRANGGIAO, NGAYCAPNHAT)
VALUES('DONHANG008', 'SHP007', N'NHẬN HÀNG', 24-12-2020)
INSERT INTO GIAOHANG(MADONHANG, MASHIPPER, TINHTRANGGIAO, NGAYCAPNHAT)
VALUES('DONHANG009', 'SHP008', N'ĐANG GIAO', 24-12-2020)
--HOA DON
INSERT INTO HOADON(MAGIAOHANG, MAKHACHHANG, TINHTRANGHOADON, TONGTIEN, RATING, NHANXET)
VALUES('GH001', 'KH001', N'XÁC NHẬN', 30000, '5*', N'Tốt')
INSERT INTO HOADON(MAGIAOHANG, MAKHACHHANG, TINHTRANGHOADON, TONGTIEN, RATING, NHANXET)
VALUES('GH002', 'KH002', N'Đang chờ xác nhận', 300000, '5*', N'Tốt')
INSERT INTO HOADON(MAGIAOHANG, MAKHACHHANG, TINHTRANGHOADON, TONGTIEN, RATING, NHANXET)
VALUES('GH003', 'KH004', N'XÁC NHẬN', 100000, '5*', N'Tốt')
INSERT INTO HOADON(MAGIAOHANG, MAKHACHHANG, TINHTRANGHOADON, TONGTIEN, RATING, NHANXET)
VALUES('GH004', 'KH001', N'Đang chờ xác nhận', 300000, '2*', N'Giao lâu')
INSERT INTO HOADON(MAGIAOHANG, MAKHACHHANG, TINHTRANGHOADON, TONGTIEN, RATING, NHANXET)
VALUES('GH005', 'KH004', N'Đang chờ xác nhận', 300000, '3*', N'Giao lâu')
INSERT INTO HOADON(MAGIAOHANG, MAKHACHHANG, TINHTRANGHOADON, TONGTIEN, RATING, NHANXET)
VALUES('GH006', 'KH005', N'Đang chờ xác nhận', 300000, '3*', N'Giao lâu')
INSERT INTO HOADON(MAGIAOHANG, MAKHACHHANG, TINHTRANGHOADON, TONGTIEN, RATING, NHANXET)
VALUES('GH009', 'KH008', N'Đang chờ xác nhận', 300000, '2*', N'Giao lâu')
INSERT INTO HOADON(MAGIAOHANG, MAKHACHHANG, TINHTRANGHOADON, TONGTIEN, RATING, NHANXET)
VALUES('GH008', 'KH007', N'Đang chờ xác nhận', 300000, '3*', N'Giao lâu')
INSERT INTO HOADON(MAGIAOHANG, MAKHACHHANG, TINHTRANGHOADON, TONGTIEN, RATING, NHANXET)
VALUES('GH011', 'KH007', N'Đang chờ xác nhận', 300000, '3*', N'Giao lâu')